都道府県,海岸管理者名,沿岸名,港名,海岸名,所在地（市町村名）,地区名
北海道,北見市,北見沿岸,敬別港,敬別港海岸,敬別市,"川向地区, 清浜地区, 北浜地区, 弁天地区, 南が丘地区, 敬別地区"
北海道,網走市,,網走港,網走港海岸,網走市,網走町地区
北海道,稚内市,,宗谷港,宗谷港海岸,稚内市,大岬地区
北海道,枝幸町,,枝幸港,枝幸港海岸,枝幸町,本町地区
北海道,根室市,根室沿岸,根室港,根室港海岸,根室市,根室地区
北海道,釧路市,十勝釧路沿岸,釧路港,釧路港海岸,釧路市,"知見地区, 和乃浦地区, 平見毛地区"
北海道,広尾町,,十勝港,十勝港海岸,広尾町,"チシュウス地区, 会所前地区, 南与頭地区"
北海道,浜中町,,霧多布港,霧多布港海岸,浜中町,浜見町地区
北海道,苫小牧港管理組合,日高胆振沿岸,苫小牧港,苫小牧港海岸,苫小牧市,"弁天地区, 勇払地区, 有明町地区, 汐見町地区, 元町地区"
北海道,えりも町,,えりも港,えりも港海岸,えりも町,"新浜地区, 大和地区"
北海道,浦河町,,浦河港,浦河港海岸,浦河町,"浜町地区, 築地地区"
北海道,白老町,,白老港,白老港海岸,白老町,"石山地区, 萩野地区"
北海道,森町,渡島東沿岸,森港,森港海岸,森町,"新川地区, 尾白内地区"
北海道,函館市,,椴法華港,椴法華港海岸,函館市,元村地区
北海道,渡島南沿岸,,函館港,函館港海岸,函館市,"入舟地区, 弁天地区, 若松町, 七重浜地区"
北海道,松前町,後志檜山沿岸,松前港,松前港海岸,松前町,"福山地区, 弁天地区"
北海道,江差町,,江差港,江差港海岸,江差町,江差地区
北海道,奥尻町,,奥尻港,奥尻港海岸,奥尻町,奥尻地区
北海道,せたな町,,瀬棚港,瀬棚港海岸,せたな町,三本木地区
北海道,岩内町,,岩内港,岩内港海岸,岩内町,"野束地区, 御崎地区"


都道府県,海岸管理者名,沿岸名,港名,海岸名,所在地（市町村名）,地区名,離岸堤設置位置,離岸堤設置延長,備考
北海道,小樽港湾管理者,石狩湾沿岸,石狩湾新港,石狩湾新港海岸,小樽市,銭函五丁目地区,S36.5.30,S60.11.4,S47.12.25（第5条4項）
北海道,小樽港湾管理者,石狩湾沿岸,石狩湾新港,石狩湾新港海岸,石狩市,新港東4丁目地区,S36.5.30,S60.11.4,S47.12.25（第5条4項）
北海道,小樽港湾管理者,石狩湾沿岸,石狩湾新港,石狩湾新港海岸,当別町,弁華別下才地地区,S36.5.30,S60.11.4,S47.12.25（第5条4項）
北海道,余市町,,余市港,余市港海岸,余市町,浜中地区,S45.8.2,S53.6.19,
北海道,稚内市,天塩沿岸,稚内港,稚内港海岸,稚内市,ノシャップ地区,S36.5.30,,,
北海道,富良野市,,留萌港,留萌港海岸,留萌市,浜町地区,S36.5.30,S41.4.8,H17.4.8
北海道,増毛町,,増毛港,増毛港海岸,増毛町,雄冬地区,S36.5.30,S55.12.27,
北海道,羽幌町,,羽幌港,羽幌港海岸,羽幌町,羽幌地区,S36.5.30,S54.10.20,
北海道,羽幌町,,焼尻港,焼尻港海岸,羽幌町,東浜地区,S45.11.19,,,
北海道,天塩町,,天塩港,天塩港海岸,天塩町,天塩地区,S36.5.30,H15.9.30（第5条4項）,
北海道,利尻富士町,,鬼脇港,鬼脇港海岸,利尻富士町,鬼脇地区,S36.5.30,S44.3.14,
北海道,利尻町,,沓形港,沓形港海岸,利尻町,沓形地区,S36.5.30,,,
北海道,礼文町,,香深港,香深港海岸,礼文町,香深地区,S36.5.30,H27.4.15,
北海道,礼文町,,香深井港,香深井港海岸,礼文町,香深井地区,S36.5.30,H27.4.15,
北海道,十勝釧路沿岸,広尾町,昆布刈石港,昆布刈石港海岸,広尾町,音調津地区,S36.5.30,,56条指定
北海道,北見沿岸,斜里町,浜斜里港,浜斜里港海岸,斜里町,峰浜地区,S36.5.30,,56条指定
北海道,根室沿岸,別海町,走古丹港,走古丹港海岸,別海町,走古丹地区,S36.5.30,,56条指定
北海道,渡島南沿岸,森町,石倉港,石倉港海岸,森町,古吉地区,S36.5.30,,56条指定
北海道,後志檜山沿岸,椴法華村,椴法華港,椴法華港海岸,椴法華村,泊地区,S36.5.30,H15.8.12,56条指定
北海道,渡島東沿岸,,森港,森港海岸,森町,,,
北海道,石狩湾沿岸,,石狩湾新港,石狩湾新港海岸,石狩市,,,"区域の指定をなし"
北海道,小樽市,,小樽港,小樽港海岸,小樽市,,,"区域の指定をなし"


都道府県,海岸管理者名,沿岸名,港名,海岸名,所在地（市町村名）,地区名,海岸保全区域指定年月日,離岸堤設置年月日,備考
青森県,青森県,下北八戸沿岸,八戸港,八戸港海岸,八戸市,"八太郎地区",S41.1.29,S53.9.28,
青森県,青森県,下北八戸沿岸,八戸港,八戸港海岸,八戸市,"八太郎地区",H26.8.18,,
青森県,青森県,下北八戸沿岸,八戸港,八戸港海岸,八戸市,"北沼地区",H26.8.18,,
青森県,青森県,下北八戸沿岸,八戸港,八戸港海岸,八戸市,"新井田地区（八戸港南防波堤東先端）",H27.1.28,,
青森県,青森県,下北八戸沿岸,八戸港,八戸港海岸,八戸市,"大久保地区",H27.4.6,,
青森県,青森県,,むつ小川原港,むつ小川原港海岸,六ヶ所村,"尾駮地区",S62.7.30,H8.8.23,
青森県,青森県,,むつ小川原港,むつ小川原港海岸,六ヶ所村,"倉内地区",,R2.12.4,
青森県,青森県,,大間港,大間港海岸,大間町,"大間地区A区",S34.8.29,,R2.12.18(区分修正)(旧:大間地区B,C地区)
青森県,青森県,,大間港,大間港海岸,大間町,"大間地区B区",S34.8.29,,R2.12.18(区分修正)(旧:大間地区A,C地区)
青森県,青森県,,大間港,大間港海岸,大間町,"大間地区C区",S34.8.29,,R2.12.18(区分修正)(旧:大間地区A,B地区)
青森県,青森県,陸奥湾沿岸,青森港,青森港海岸,青森市,"浪岡地区",S34.4.18,,,
青森県,青森県,陸奥湾沿岸,青森港,青森港海岸,青森市,"沖館地区",S34.4.18,H8.11.29,,
青森県,青森県,陸奥湾沿岸,青森港,青森港海岸,青森市,"本町地区",S34.4.18,,,
青森県,青森県,陸奥湾沿岸,青森港,青森港海岸,青森市,"浪館地区",S34.4.18,H17.11.1,,
青森県,青森県,陸奥湾沿岸,青森港,青森港海岸,青森市,"原別地区",S34.4.18,S62.10.6,,
青森県,青森県,陸奥湾沿岸,青森港,青森港海岸,青森市,"野内地区",S54.8.25,,,
青森県,青森県,陸奥湾沿岸,青森港,青森港海岸,青森市,"久栗坂地区",H4.1.22,,,
青森県,青森県,陸奥湾沿岸,青森港,青森港海岸,青森市,"蛯沢地区",,,,
青森県,青森県,,川内港,川内港海岸,むつ市,"横川地区",S34.8.29,R2.12.18,
青森県,青森県,,川内港,川内港海岸,むつ市,"川内地区",S34.8.29,R2.12.18,
青森県,青森県,,川内港,川内港海岸,むつ市,"川内沖地区",S34.8.29,R2.12.18,
青森県,青森県,,大湊港,大湊港海岸,むつ市,"田名部地区",S38.10.17,R2.12.18,
青森県,青森県,,大湊港,大湊港海岸,むつ市,"苫生地区",S47.10.17,R2.12.18,
青森県,青森県,,大湊港,大湊港海岸,むつ市,"脇野沢地区",S61.9.1,R2.12.18,
青森県,青森県,,野辺地港,野辺地港海岸,野辺地町,"野辺地地区",S38.2.28,S59.5.7,
青森県,青森県,,小湊港,小湊港海岸,平内町,"東地区",S38.2.28,H3.3.22,
青森県,青森県,,小湊港,小湊港海岸,平内町,"浜子地区",S41.1.7,H13.9.5,
青森県,青森県,,小湊港,小湊港海岸,平内町,"清水川地区",S38.10.17,S56.7.9,
青森県,青森県,津軽沿岸,津軽港,津軽港海岸,鰺ヶ沢町,"七里長浜地区",S36.12.20,R2.12.18（変更）,
青森県,青森県,津軽沿岸,深浦港,深浦港海岸,深浦町,"深浦A地区",S38.2.28,H13.6.25,
青森県,青森県,津軽沿岸,深浦港,深浦港海岸,深浦町,"深浦B地区",S38.2.28,S45.12.15,
青森県,青森県,津軽沿岸,深浦港,深浦港海岸,深浦町,"深浦C地区",S38.2.28,H11.2.1,
青森県,青森県,,尻屋崎港,,東通村,,,区域の指定をなし,
青森県,青森県,,仏ヶ浦港,,佐井村,,,区域の指定をなし,
青森県,青森県,,磯辺港,,むつ市,,,区域の指定をなし,
青森県,青森県,,チノ沢港,,十和田市,,,区域の指定をなし,
青森県,青森県,,休屋港,,十和田市,,,区域の指定をなし,




都道府県,海岸管理者名,沿岸名,港名,海岸名,所在地（市町村名）,地区名,海岸保全区域指定年月日,海岸保全区域変更指定年月日,備考
秋田県,秋田県,秋田沿岸,秋田港,秋田港海岸,秋田市,土崎地区,S39.4.28,,
秋田県,秋田県,秋田沿岸,秋田港,秋田港海岸,秋田市,飯島地区,S39.4.28,S47.5.16,
秋田県,秋田県,秋田沿岸,秋田港,秋田港海岸,秋田市,向浜地区,S39.4.28,H14.3.29,
秋田県,秋田県,秋田沿岸,秋田港,秋田港海岸,秋田市,飯島北地区,,H7.2.3,
秋田県,秋田県,,船川港,船川港海岸,男鹿市,脇本・北浦地区,S39.4.28,,
秋田県,秋田県,,船川港,船川港海岸,男鹿市,金川地区,S39.4.28,,
秋田県,秋田県,,船川港,船川港海岸,男鹿市,船川地区,S39.4.28,,
秋田県,秋田県,,船川港,船川港海岸,男鹿市,南平沢地区,S39.4.28,,
秋田県,秋田県,,船川港,船川港海岸,男鹿市,増川・女川地区,S39.4.28,,
秋田県,秋田県,,能代港,能代港海岸,能代市,大森地区,S39.4.28,S53.11.14,
秋田県,秋田県,,能代港,能代港海岸,能代市,落合地区,S39.4.28,H14.3.29,
秋田県,秋田県,,本荘港,本荘港海岸,由利本荘市,本荘地区,S39.4.28,H17.3.8,
秋田県,秋田県,,本荘港,本荘港海岸,由利本荘市,水林地区,S39.4.28,,
秋田県,秋田県,,戸賀港,戸賀港海岸,男鹿市,戸賀地区,S39.4.28,H15.4.1,



都道府県,海岸管理者名,沿岸名,港名,海岸名,所在地（市町村名）
山形県,山形県,山形沿岸,酒田港,酒田港海岸,酒田市
山形県,山形県,山形沿岸,加茂港,加茂港海岸,鶴岡市
山形県,山形県,山形沿岸,鼠ヶ関港,鼠ヶ関港海岸,鶴岡市


都道府県,海岸管理者名,沿岸名,港名,海岸名,所在地（市町村名）
岩手県,岩手県,三陸北沿岸,宮古港,宮古港海岸,宮古市
岩手県,岩手県,三陸北沿岸,久慈港,久慈港海岸,久慈市
岩手県,岩手県,三陸南沿岸,大船渡港,大船渡港海岸,大船渡市
岩手県,岩手県,三陸南沿岸,釜石港,釜石港海岸,釜石市
岩手県,, ,八木港,,洋野町
岩手県,, ,小本港,,岩泉町


都道府県,海岸管理者名,沿岸名,港名,海岸名,所在地（市町村名）
宮城県,宮城県,三陸南沿岸,金華山港,金華山港海岸,石巻市
宮城県,宮城県,三陸南沿岸,雄勝港,雄勝港海岸,石巻市
宮城県,宮城県,三陸南沿岸,女川港,女川港海岸,女川町
宮城県,宮城県,三陸南沿岸,気仙沼港,気仙沼港海岸,気仙沼市
宮城県,宮城県,三陸南沿岸,御崎港,御崎港海岸,気仙沼市
宮城県,宮城県,仙台湾沿岸,仙台塩釜港,仙台塩釜港海岸,仙台市
宮城県,宮城県,仙台湾沿岸,仙台塩釜港,仙台塩釜港塩釜地区海岸,七ヶ浜町
宮城県,宮城県,仙台湾沿岸,仙台塩釜港,仙台塩釜港塩釜地区海岸,塩竈市
宮城県,宮城県,仙台湾沿岸,仙台塩釜港,仙台塩釜港石巻地区海岸,石巻市
宮城県,宮城県,仙台湾沿岸,仙台塩釜港,仙台塩釜港石巻地区海岸,東松島市
宮城県,宮城県,仙台湾沿岸,仙台塩釜港,仙台塩釜港松島地区海岸,松島町
宮城県,宮城県,仙台湾沿岸,荻浜港,荻浜港海岸,石巻市
宮城県,宮城県,仙台湾沿岸,表浜港,表浜港海岸,石巻市


都道府県,海岸管理者名,沿岸名,港名,海岸名,所在地（市町村名）
福島県,福島県,仙台湾沿岸,相馬港,新地港海岸,新地町
福島県,福島県,仙台湾沿岸,相馬港,相馬港海岸,相馬市
福島県,福島県,福島沿岸,小名浜港,小名浜港海岸,いわき市
福島県,福島県,福島沿岸,久之浜港,久之浜港海岸,いわき市
福島県,福島県,福島沿岸,江名港,江名港海岸,いわき市
福島県,福島県,福島沿岸,中之作港,中之作港海岸,いわき市
福島県,, ,菅島港,,猫苗代町
福島県,, ,湖南港,,郡山市

都道府県,海岸管理者名,沿岸名,港名,海岸名,所在地（市町村名）
茨城県,茨城県,茨城沿岸,茨城港,日立港海岸,日立市
茨城県,茨城県,茨城沿岸,茨城港,常陸那珂港海岸,ひたちなか市
茨城県,茨城県,茨城沿岸,茨城港,常陸那珂港海岸,ひたちなか市・東海村
茨城県,茨城県,茨城沿岸,茨城港,大洗港海岸,大洗町
茨城県,茨城県,茨城沿岸,鹿島港,鹿島港海岸,鹿嶋市
茨城県,茨城県,茨城沿岸,鹿島港,鹿島港海岸,神栖市
茨城県,茨城県,茨城沿岸,川尻港,川尻港海岸,日立市
茨城県,茨城県,茨城沿岸,河原子港,河原子港海岸,日立市
茨城県,,,潮来港,,潮来市
茨城県,,,土浦港,,土浦市
茨城県,,,軽野港,,神栖市


都道府県,海岸管理者名,沿岸名,港名,海岸名,所在地（市町村名）
千葉県,千葉県,千葉東沿岸,名洗港,名洗港海岸,銚子市
千葉県,千葉県,千葉東沿岸,興津港,興津港海岸,勝浦市
千葉県,千葉県,東京湾沿岸,千葉港,千葉港海岸,千葉市
千葉県,千葉県,東京湾沿岸,千葉港,千葉港海岸,市原市
千葉県,千葉県,東京湾沿岸,千葉港,千葉港海岸,習志野市
千葉県,千葉県,東京湾沿岸,木更津港,木更津港海岸,木更津市
千葉県,千葉県,東京湾沿岸,館山港,館山港海岸,館山市
千葉県,千葉県,東京湾沿岸,浜金谷港,浜金谷港海岸,富津市
千葉県,千葉県,東京湾沿岸,上総港,上総港海岸,富津市


都道府県,海岸管理者名,沿岸名,港名,海岸名,所在地（市町村名）
東京都,東京都,東京湾沿岸,東京港,東京港海岸,江東区
東京都,東京都,東京湾沿岸,東京港,東京港海岸,中央区
東京都,東京都,東京湾沿岸,東京港,東京港海岸,港区
東京都,東京都,東京湾沿岸,東京港,東京港海岸,品川区・大田区
東京都,東京都,伊豆小笠原諸島沿岸,元町港,元町港海岸,大島町
東京都,東京都,伊豆小笠原諸島沿岸,岡田港,岡田港海岸,大島町
東京都,東京都,伊豆小笠原諸島沿岸,波浮港,波浮港海岸,大島町
東京都,東京都,伊豆小笠原諸島沿岸,新島港,新島港海岸,新島村
東京都,東京都,伊豆小笠原諸島沿岸,神津島港,神津島港海岸,神津島村
東京都,東京都,伊豆小笠原諸島沿岸,大久保港,大久保港海岸,三宅村
東京都,東京都,伊豆小笠原諸島沿岸,三池港,三池港海岸,三宅村
東京都,東京都,伊豆小笠原諸島沿岸,八重根港,八重根港海岸,八丈町
東京都,東京都,伊豆小笠原諸島沿岸,神津港,神津港海岸,神津島村
東京都,東京都,伊豆小笠原諸島沿岸,利島港,利島港海岸,利島村
東京都,東京都,伊豆小笠原諸島沿岸,御蔵島港,御蔵島港海岸,御蔵島村
東京都,東京都,伊豆小笠原諸島沿岸,青ヶ島港,青ヶ島港海岸,青ヶ島村
東京都,東京都,伊豆小笠原諸島沿岸,父島港,父島港海岸,小笠原村
東京都,東京都,伊豆小笠原諸島沿岸,母島港,母島港海岸,小笠原村
東京都,東京都,伊豆小笠原諸島沿岸,式根島港,,新島村
東京都,東京都,伊豆小笠原諸島沿岸,二見港,,小笠原村
東京都,東京都,伊豆小笠原諸島沿岸,沖港,,青ヶ島村
東京都,東京都,伊豆小笠原諸島沿岸,父千代港,,青ヶ島村

都道府県,海岸管理者名,沿岸名,港名,海岸名,所在地（市町村名）
神奈川県,川崎市,東京湾沿岸,川崎港,川崎港海岸,川崎市
神奈川県,横須賀市,,横須賀港,横須賀港海岸,横須賀市
神奈川県,神奈川県,相模灘沿岸,葉山港,葉山港海岸,葉山町
神奈川県,神奈川県,相模灘沿岸,湘南港,湘南港海岸,藤沢市
神奈川県,神奈川県,相模灘沿岸,大磯港,大磯港海岸,大磯町
神奈川県,神奈川県,相模灘沿岸,真鶴港,真鶴港海岸,真鶴町
神奈川県,横浜市,東京湾沿岸,横浜港,横浜港海岸,横浜市


都道府県,海岸管理者名,沿岸名,港名,海岸名,所在地（市町村名）
新潟県,新潟県,新潟北沿岸,新潟港,新潟港海岸,新潟市
新潟県,新潟県,新潟北沿岸,直江津港,直江津港海岸,上越市
新潟県,新潟県,新潟北沿岸,岩船港,岩船港海岸,村上市
新潟県,新潟県,新潟北沿岸,寺泊港,寺泊港海岸,長岡市
新潟県,新潟県,新潟北沿岸,柏崎港,柏崎港海岸,柏崎市
新潟県,新潟県,佐渡沿岸,両津港,両津港海岸,佐渡市
新潟県,新潟県,佐渡沿岸,小木港,小木港海岸,佐渡市
新潟県,新潟県,佐渡沿岸,赤泊港,赤泊港海岸,佐渡市
新潟県,新潟県,富山湾沿岸,二見港,二見港海岸,糸魚川市
新潟県,新潟県,富山湾沿岸,姫川港,姫川港海岸,糸魚川市


都道府県,海岸管理者名,沿岸名,港名,海岸名,所在地（市町村名）
富山県,富山県,富山湾沿岸,伏木富山港,伏木富山港海岸,富山市
富山県,富山県,富山湾沿岸,伏木富山港,伏木富山港海岸,富山市・射水市
富山県,富山県,富山湾沿岸,伏木富山港,伏木富山港海岸,射水市
富山県,富山県,富山湾沿岸,伏木富山港,伏木富山港海岸,高岡市
富山県,富山県,富山湾沿岸,魚津港,魚津港海岸,魚津市


都道府県,海岸管理者名,沿岸名,港名,海岸名,所在地（市町村名）
石川県,石川県,能登半島沿岸,七尾港,七尾港海岸,七尾市
石川県,石川県,能登半島沿岸,穴水港,穴水港海岸,穴水町
石川県,石川県,能登半島沿岸,輪島港,輪島港海岸,輪島市
石川県,石川県,能登半島沿岸,小木港,小木港海岸,能登町
石川県,石川県,能登半島沿岸,飯田港,飯田港海岸,珠洲市
石川県,石川県,加越沿岸,金沢港,金沢港海岸,金沢市
石川県,石川県,加越沿岸,塩屋港,塩屋港海岸,加賀市
石川県,石川県,加越沿岸,滝港,滝港海岸,羽咋市
石川県,七尾市,能登半島沿岸,半ノ浦港,能登半島半ノ浦港海岸,七尾市
石川県,七尾市,能登半島沿岸,和倉港,和倉港海岸,七尾市
石川県,,能登半島沿岸,宇出津港,―,能登町
石川県,,能登半島沿岸,福浦港,―,志賀町


都道府県,海岸管理者名,沿岸名,港名,海岸名,所在地（市町村名）
福井県,福井県,加越沿岸,福井港,福井港海岸,坂井市
福井県,福井県,加越沿岸,鷹巣港,鷹巣港海岸,福井市・坂井市
福井県,福井県,若狭湾沿岸,和田港,和田港海岸,小浜市・おおい町
福井県,福井県,若狭湾沿岸,内浦港,内浦港海岸,高浜町
福井県,福井県,若狭湾沿岸,敦賀港,敦賀港海岸,敦賀市


都道府県,海岸管理者名,沿岸名,港名,海岸名,所在地（市町村名）,地区名
静岡県,静岡県,伊豆半島沿岸,熱海港,熱海港海岸,熱海市,伊豆山地区・汐見地区・横磯～渚地区・和田浜南地区・上多賀地区・下多賀地区・和田木地区
静岡県,静岡県,伊豆半島沿岸,伊東港,伊東港海岸,伊東市,川奈・松原地区・新井地区
静岡県,静岡県,伊豆半島沿岸,下田港,下田港海岸,下田市,柿崎・武ガ浜地区・大浦地区
静岡県,静岡県,伊豆半島沿岸,手石港,手石港海岸,南伊豆町,湊地区
静岡県,静岡県,伊豆半島沿岸,宇久須港,宇久須港海岸,西伊豆町,A地区・B地区・C地区
静岡県,静岡県,伊豆半島沿岸,松崎港,松崎港海岸,松崎町,向浜・江奈地区
静岡県,静岡県,伊豆半島沿岸,土肥港,土肥港海岸,伊豆市,屋形・松原地区・中浜・大藪地区・小土肥黒根地区
静岡県,静岡県,駿河湾沿岸,清水港,清水港海岸,静岡市,興津地区・袖師A地区・袖師B地区・袖師C地区・袖師の潟地区・江尻地区・島崎地区・日の出地区・富士見・折戸A地区・折戸B地区・貝島地区・三保地区
静岡県,静岡県,駿河湾沿岸,田子の浦港,田子の浦港海岸,富士市,富士地区
静岡県,静岡県,駿河湾沿岸,御前崎港,御前崎港海岸,御前崎市,―
静岡県,静岡県,駿河湾沿岸,沼津港,沼津港海岸,沼津市,千本地区・我入道地区
静岡県,静岡県,駿河湾沿岸,榛原港,榛原港海岸,牧之原市,静波地区・勝俣地区
静岡県,静岡県,駿河湾沿岸,相良港,相良港海岸,牧之原市,A地区・B地区
静岡県,静岡県,遠州灘沿岸,浜名港,浜名港海岸,湖西市,―
静岡県,静岡県,遠州灘沿岸,浜名港,浜名港海岸,浜松市,舞阪町
静岡県,焼津市,駿河湾沿岸,大井川港,大井川港海岸,焼津市,下小杉地区・飯淵地区・利右衛門南地区・利右衛門北・飯淵地区



都道府県,海岸管理者名,沿岸名,港名,海岸名,所在地（市町村名）
愛知県,名古屋港管理組合,三河湾・伊勢湾沿岸,名古屋港,名古屋港海岸,名古屋市
愛知県,愛知県,,衣浦港,衣浦港海岸,西尾市
愛知県,愛知県,,衣浦港,衣浦港海岸,碧南市
愛知県,愛知県,,衣浦港,衣浦港海岸,碧南市・高浜市
愛知県,愛知県,,衣浦港,衣浦港海岸,半田市・東浦町
愛知県,愛知県,,衣浦港,衣浦港海岸,半田市
愛知県,愛知県,,衣浦港,衣浦港海岸,刈谷市・武豊町・美浜町
愛知県,愛知県,,三河港,三河港海岸,豊橋市
愛知県,愛知県,,三河港,三河港海岸,蒲郡市
愛知県,愛知県,,常滑港,常滑港海岸,常滑市
愛知県,愛知県,,冨具崎港,冨具崎港海岸,美浜町
愛知県,愛知県,,河和港,河和港海岸,南知多町
愛知県,愛知県,,師崎港,師崎港海岸,南知多町
愛知県,愛知県,,吉田港,吉田港海岸,西尾市
愛知県,愛知県,,東幡豆港,東幡豆港海岸,西尾市
愛知県,田原市,,福江港,福江港海岸,田原市
愛知県,田原市,,伊良湖港,伊良湖港海岸,田原市
愛知県,蒲郡市,,馬草港,馬草港海岸,蒲郡市
愛知県,南知多町,,泉港,泉港海岸,南知多町
愛知県,南知多町,,倉舞港,倉舞港海岸,南知多町
愛知県,南知多町,,内海港,内海港海岸,南知多町

都道府県,海岸管理者名,沿岸名,港名,海岸名,所在地（市町村名）
三重県,四日市港管理組合,三河湾・伊勢湾沿岸,四日市港,四日市港海岸,四日市市
三重県,三重県,,津松阪港（津港区）,津松阪港（津港区）海岸,津市
三重県,三重県,,津松阪港（松阪港区）,津松阪港（松阪港区）海岸,松阪市
三重県,三重県,,千代崎港,千代崎港海岸,鈴鹿市
三重県,三重県,,白子港,白子港海岸,鈴鹿市
三重県,三重県,,宇治山田港,宇治山田港海岸,伊勢市
三重県,三重県,熊野灘沿岸,尾鷲港,尾鷲港海岸,尾鷲市
三重県,三重県,熊野灘沿岸,鳥羽港,鳥羽港海岸,鳥羽市
三重県,三重県,熊野灘沿岸,的矢港,的矢港海岸,志摩市
三重県,三重県,熊野灘沿岸,賢島港,賢島港海岸,志摩市
三重県,三重県,熊野灘沿岸,浜島港,浜島港海岸,志摩市
三重県,三重県,熊野灘沿岸,五ヶ所港,五ヶ所港海岸,南伊勢町
三重県,三重県,熊野灘沿岸,吉津港,吉津港海岸,紀北町
三重県,三重県,熊野灘沿岸,長島港,長島港海岸,紀北町
三重県,三重県,熊野灘沿岸,引本港,引本港海岸,尾鷲市
三重県,三重県,熊野灘沿岸,三木里港,三木里港海岸,尾鷲市
三重県,三重県,熊野灘沿岸,賀田港,賀田港海岸,熊野市
三重県,三重県,熊野灘沿岸,二木島港,二木島港海岸,熊野市
三重県,三重県,熊野灘沿岸,木本港,木本港海岸,熊野市
三重県,三重県,熊野灘沿岸,鵜殿港,鵜殿港海岸,紀宝町
三重県,,三河湾・伊勢湾沿岸,桑名港,―,桑名市


都道府県,海岸管理者名,沿岸名,港名,海岸名,所在地（市町村名）
滋賀県,―,―,大津港,―,大津市
滋賀県,―,―,彦根港,―,彦根市
滋賀県,―,―,長浜港,―,長浜市
滋賀県,―,―,竹生島港,―,長浜市

都道府県,海岸管理者名,沿岸名,港名,海岸名,所在地（市町村名）
京都府,京都府,丹後沿岸,舞鶴港,舞鶴港海岸,舞鶴市
京都府,京都府,丹後沿岸,宮津港,宮津港海岸,宮津市
京都府,京都府,丹後沿岸,久美浜港,久美浜港海岸,京丹後市
京都府,,―,伏見港,―,京都市

都道府県,海岸管理者名,沿岸名,港名,海岸名,所在地（市町村名）
大阪府,大阪市,大阪湾沿岸,大阪港,大阪港海岸,大阪市
大阪府,大阪府,,堺泉北港,堺泉北港海岸,堺市
大阪府,大阪府,,阪南港,阪南港海岸,忠岡町・岸和田市
大阪府,大阪府,,阪南港,阪南港海岸,岸和田市
大阪府,大阪府,,阪南港,阪南港海岸,貝塚市
大阪府,大阪府,,二色港,二色港海岸,貝塚市
大阪府,大阪府,,泉佐野港,泉佐野港海岸,泉佐野市
大阪府,大阪府,,尾崎港,尾崎港海岸,阪南市
大阪府,大阪府,,淡輪港,淡輪港海岸,岬町
大阪府,大阪府,,深日港,深日港海岸,岬町
大阪府,-,,泉州港,-,泉佐野市・泉南市・阪南市・岬町
兵庫県,神戸市,大阪湾沿岸,神戸港,神戸港海岸,神戸市
兵庫県,兵庫県,,尼崎西宮芦屋港,尼崎西宮芦屋港海岸,尼崎市
兵庫県,兵庫県,,尼崎西宮芦屋港,尼崎西宮芦屋港海岸,西宮市
兵庫県,兵庫県,,尼崎西宮芦屋港,尼崎西宮芦屋港海岸,芦屋市
兵庫県,兵庫県,播磨沿岸,姫路港,姫路港海岸,姫路市
兵庫県,兵庫県,播磨沿岸,東播磨港,東播磨港海岸,明石市・播磨町
兵庫県,兵庫県,播磨沿岸,東播磨港,東播磨港海岸,播磨町
兵庫県,兵庫県,播磨沿岸,東播磨港,東播磨港海岸,加古川市
兵庫県,兵庫県,播磨沿岸,東播磨港,東播磨港海岸,高砂市
兵庫県,兵庫県,播磨沿岸,明石港,明石港海岸,明石市
兵庫県,兵庫県,播磨沿岸,江井ヶ島港,江井ヶ島港海岸,明石市
兵庫県,兵庫県,播磨沿岸,家島港,家島港海岸,姫路市
兵庫県,兵庫県,播磨沿岸,相生港,相生港海岸,相生市
兵庫県,兵庫県,播磨沿岸,坂越港,坂越港海岸,赤穂市
兵庫県,兵庫県,播磨沿岸,赤穂港,赤穂港海岸,赤穂市
兵庫県,兵庫県,但馬沿岸,古池港,古池港海岸,豊岡市
兵庫県,兵庫県,但馬沿岸,津居山港,津居山港海岸,豊岡市
兵庫県,兵庫県,但馬沿岸,竹野港,竹野港海岸,豊岡市
兵庫県,兵庫県,但馬沿岸,柴山港,柴山港海岸,香美町
兵庫県,兵庫県,淡路沿岸,岩屋港,岩屋港海岸,淡路市
兵庫県,兵庫県,淡路沿岸,浦港,浦港海岸,淡路市
兵庫県,兵庫県,淡路沿岸,津名港,津名港海岸,淡路市
兵庫県,兵庫県,淡路沿岸,山田港,山田港海岸,淡路市
兵庫県,兵庫県,淡路沿岸,江井港,江井港海岸,淡路市
兵庫県,兵庫県,淡路沿岸,郡家港,郡家港海岸,洲本市
兵庫県,兵庫県,淡路沿岸,室津港,室津港海岸,南あわじ市
兵庫県,兵庫県,淡路沿岸,洲本港,洲本港海岸,洲本市
兵庫県,兵庫県,淡路沿岸,由良港,由良港海岸,洲本市
兵庫県,兵庫県,淡路沿岸,都志港,都志港海岸,洲本市
兵庫県,兵庫県,淡路沿岸,阿万港,阿万港海岸,南あわじ市
兵庫県,兵庫県,淡路沿岸,福良港,福良港海岸,南あわじ市
兵庫県,洲本市,,津井港,津井港海岸,南あわじ市
兵庫県,洲本市,,湊港,湊港海岸,南あわじ市
兵庫県,洲本市,,古茂江港,古茂江港海岸,南あわじ市
兵庫県,洲本市,,淡路交流の翼港,-,南あわじ市


都道府県,海岸管理者名,沿岸名,港名,海岸名,所在地（市町村名）
和歌山県,和歌山県,紀州灘沿岸,和歌山下津港,和歌山下津港海岸,和歌山市
和歌山県,和歌山県,紀州灘沿岸,和歌山下津港,和歌山下津港海岸,和歌山市・海南市
和歌山県,和歌山県,紀州灘沿岸,由良港,由良港海岸,海南市・有田市
和歌山県,和歌山県,紀州灘沿岸,由良港,由良港海岸,有田市
和歌山県,和歌山県,紀州灘沿岸,由良港,由良港海岸,由良町
和歌山県,和歌山県,紀州灘沿岸,由良港,由良港海岸,日高町
和歌山県,和歌山県,紀州灘沿岸,湯浅広港,湯浅広港海岸,湯浅町・広川町
和歌山県,和歌山県,紀州灘沿岸,加太港,加太港海岸,和歌山市
和歌山県,和歌山県,紀州灘沿岸,大川港,大川港海岸,串本町
和歌山県,和歌山県,紀州灘沿岸,袋港,袋港海岸,串本町
和歌山県,和歌山県,紀州灘沿岸,白浜港,白浜港海岸,白浜町
和歌山県,和歌山県,紀州灘沿岸,文里港,文里港海岸,田辺市
和歌山県,和歌山県,紀州灘沿岸,日置港,日置港海岸,美浜町・御坊市
和歌山県,和歌山県,熊野灘沿岸,新宮港,新宮港海岸,新宮市
和歌山県,和歌山県,熊野灘沿岸,宇久井港,宇久井港海岸,那智勝浦町
和歌山県,和歌山県,熊野灘沿岸,浦神港,浦神港海岸,那智勝浦町
和歌山県,和歌山県,熊野灘沿岸,古座港,古座港海岸,串本町
和歌山県,和歌山県,熊野灘沿岸,大島港,大島港海岸,那智勝浦町
和歌山県,和歌山県,熊野灘沿岸,勝浦港,-,那智勝浦町
鳥取県,境港管理組合,鳥取沿岸,境港,境港海岸,境港市
鳥取県,鳥取県,島根沿岸,境港,境港海岸,松江市
鳥取県,鳥取県,鳥取沿岸,鳥取港,鳥取港海岸,鳥取市
鳥取県,鳥取県,鳥取沿岸,田後港,田後港海岸,岩美町
鳥取県,鳥取県,鳥取沿岸,赤碕港,赤碕港海岸,琴浦町
鳥取県,鳥取県,鳥取沿岸,逢坂港,逢坂港海岸,大山町
鳥取県,鳥取県,鳥取沿岸,豊成港,豊成港海岸,境港市
鳥取県,鳥取県,鳥取沿岸,小浜港,小浜港海岸,湯梨浜町
鳥取県,鳥取県,鳥取沿岸,石脇港,石脇港海岸,湯梨浜町
鳥取県,-,-,中浜港,-,境港市
鳥取県,-,-,米子港,-,米子市
島根県,島根県,島根沿岸,浜田港,浜田港海岸,浜田市
島根県,島根県,島根沿岸,三隅港,三隅港海岸,浜田市
島根県,島根県,島根沿岸,七類港,七類港海岸,松江市
島根県,島根県,島根沿岸,河下港,河下港海岸,出雲市
島根県,島根県,島根沿岸,田儀港,田儀港海岸,大田市
島根県,島根県,島根沿岸,久手港,久手港海岸,大田市
島根県,島根県,島根沿岸,江津港,江津港海岸,江津市
島根県,島根県,島根沿岸,益田港,益田港海岸,益田市
島根県,島根県,隠岐沿岸,西郷港,西郷港海岸,隠岐の島町
島根県,島根県,隠岐沿岸,重榎港,重榎港海岸,海士町
島根県,島根県,隠岐沿岸,御波港,御波港海岸,海士町
島根県,島根県,隠岐沿岸,知々井港,知々井港海岸,西ノ島町
島根県,島根県,隠岐沿岸,別所港,別所港海岸,西ノ島町
島根県,松江市,島根沿岸,諸喰港,諸喰港海岸,松江市
島根県,松江市,島根沿岸,法田港,法田港海岸,松江市
島根県,松江市,島根沿岸,千酌港,千酌港海岸,松江市
島根県,松江市,島根沿岸,笠浦港,笠浦港海岸,松江市
島根県,松江市,島根沿岸,佐波港,佐波港海岸,出雲市
島根県,出雲市,島根沿岸,秋鹿北港,秋鹿北港海岸,出雲市
島根県,出雲市,島根沿岸,中山港,中山港海岸,出雲市
島根県,大田市,島根沿岸,灘山港,灘山港海岸,大田市
島根県,大田市,島根沿岸,魚津港,魚津港海岸,大田市
島根県,益田市,島根沿岸,網屋港,網屋港海岸,益田市
島根県,益田市,島根沿岸,遠田港,遠田港海岸,益田市
島根県,益田市,島根沿岸,持石港,持石港海岸,益田市
島根県,知夫村,隠岐沿岸,古海港,古海港海岸,知夫村
島根県,知夫村,隠岐沿岸,姫ノ浦港,姫ノ浦港海岸,知夫村
島根県,海士町,隠岐沿岸,保々見港,保々見港海岸,海士町
島根県,海士町,隠岐沿岸,諏訪港,諏訪港海岸,海士町
島根県,海士町,隠岐沿岸,日之津港,日之津港海岸,海士町
島根県,西ノ島町,隠岐沿岸,須賀港,須賀港海岸,西ノ島町
島根県,西ノ島町,隠岐沿岸,物井港,物井港海岸,西ノ島町
島根県,西ノ島町,隠岐沿岸,美田港,美田港海岸,西ノ島町
島根県,西ノ島町,隠岐沿岸,波止港,波止港海岸,西ノ島町
島根県,隠岐の島町,隠岐沿岸,汐浜港,汐浜港海岸,隠岐の島町
島根県,隠岐の島町,隠岐沿岸,西村港,西村港海岸,隠岐の島町
島根県,隠岐の島町,隠岐沿岸,大津久港,大津久港海岸,隠岐の島町
島根県,隠岐の島町,隠岐沿岸,卯敷港,卯敷港海岸,隠岐の島町
島根県,隠岐の島町,隠岐沿岸,飯美港,飯美港海岸,隠岐の島町
島根県,隠岐の島町,隠岐沿岸,代港,代港海岸,隠岐の島町
島根県,隠岐の島町,隠岐沿岸,長尾田港,長尾田港海岸,隠岐の島町
島根県,-,島根沿岸,魚津港,-,大田市
島根県,-,島根沿岸,宅野港,-,大田市
島根県,-,島根沿岸,笹子港,-,松江市
島根県,-,島根沿岸,菅浦港,-,松江市
島根県,-,島根沿岸,名子港,-,出雲市
島根県,-,島根沿岸,黒田港,-,出雲市
島根県,-,島根沿岸,久白港,-,出雲市
島根県,-,島根沿岸,小田貫港,-,大田市
島根県,-,島根沿岸,山谷港,-,大田市
島根県,-,島根沿岸,鳥垣屋港,-,大田市
島根県,-,島根沿岸,舟津港,-,浜田市
島根県,-,島根沿岸,吉浦港,-,浜田市
島根県,-,島根沿岸,生湯港,-,浜田市
島根県,-,島根沿岸,皆浦港,-,益田市
島根県,-,島根沿岸,高島港,-,益田市
島根県,-,隠岐沿岸,喜阿弥港,-,知夫村
島根県,-,隠岐沿岸,来居港,-,知夫村
島根県,-,隠岐沿岸,竹佐港,-,海士町
島根県,-,隠岐沿岸,末光根港,-,海士町
島根県,-,隠岐沿岸,海士港,-,海士町
島根県,-,隠岐沿岸,堺港,-,西ノ島町
島根県,-,隠岐沿岸,宿の谷港,-,西ノ島町
島根県,-,隠岐沿岸,宇賀港,-,隠岐の島町
島根県,-,隠岐沿岸,釜港,-,隠岐の島町
島根県,-,隠岐沿岸,伊後港,-,隠岐の島町
島根県,-,島根沿岸,小津久港,-,安来市
島根県,-,島根沿岸,安来港,-,安来市
島根県,-,島根沿岸,松江港,-,松江市
島根県,-,島根沿岸,波入港,-,松江市
島根県,-,島根沿岸,渡江港,-,松江市
島根県,-,島根沿岸,江向港,-,松江市
島根県,-,島根沿岸,入江港,-,松江市
島根県,-,島根沿岸,恵曇港,-,松江市
島根県,-,島根沿岸,掛屋港,-,出雲市
島根県,-,島根沿岸,伊野港,-,安来市
島根県,-,島根沿岸,講田港,-,松江市
島根県,-,島根沿岸,幸津港,-,松江市
島根県,-,島根沿岸,三子港,-,松江市
島根県,-,島根沿岸,手角港,-,松江市
島根県,-,島根沿岸,長江港,-,松江市
島根県,-,島根沿岸,秋鹿港,-,松江市
島根県,-,島根沿岸,物部港,-,松江市
島根県,-,島根沿岸,岡本港,-,松江市
島根県,-,島根沿岸,湯町港,-,松江市
島根県,-,島根沿岸,寺津港,-,松江市

都道府県名,海岸管理者名,沿岸名,港名,海岸名,所在地（市町村名）
岡山県,岡山県,岡山沿岸,水島港,水島港海岸,倉敷市
岡山県,岡山県,岡山沿岸,岡山港,岡山港海岸,岡山市
岡山県,岡山県,岡山沿岸,宇野港,宇野港海岸,玉野市
岡山県,岡山県,岡山沿岸,東備港,東備港海岸,備前市
岡山県,岡山県,岡山沿岸,牛窓港,牛窓港海岸,瀬戸内市
岡山県,岡山県,岡山沿岸,山田港,山田港海岸,玉野市
岡山県,岡山県,岡山沿岸,児島港,児島港海岸,倉敷市
岡山県,岡山県,岡山沿岸,下津井港,下津井港海岸,倉敷市
岡山県,岡山県,岡山沿岸,笠岡港,笠岡港海岸,笠岡市
岡山県,岡山県,岡山沿岸,北木島港,北木島港海岸,笠岡市
岡山県,岡山県,岡山沿岸,鴨島港,鴨島港海岸,備前市
岡山県,岡山県,岡山沿岸,寒河港,寒河港海岸,備前市
岡山県,岡山県,岡山沿岸,犬島港,大島港海岸,岡山市
岡山県,岡山県,岡山沿岸,石島港,石島港海岸,玉野市
岡山県,岡山県,岡山沿岸,松島港,松島港海岸,倉敷市
岡山県,岡山県,岡山沿岸,豊浦港,豊浦港海岸,笠岡市
岡山県,岡山県,岡山沿岸,小飛島港,小飛島港海岸,笠岡市
岡山県,岡山県,岡山沿岸,大飛島港,大飛島東海岸,笠岡市
岡山県,岡山県,岡山沿岸,久々井港,―,備前市
岡山県,岡山県,岡山沿岸,布浜港,―,瀬戸内市
岡山県,岡山県,岡山沿岸,南口港,―,―
岡山県,岡山県,岡山沿岸,知尾港,―,―
岡山県,岡山県,岡山沿岸,玉津港,―,―
岡山県,岡山県,岡山沿岸,網代港,―,―
岡山県,岡山県,岡山沿岸,黄島港,―,―
岡山県,岡山県,岡山沿岸,師楽港,―,―
岡山県,岡山県,岡山沿岸,米倉港,―,岡山市
岡山県,岡山県,岡山沿岸,松尾港,―,玉野市
岡山県,岡山県,岡山沿岸,江の浜港,―,玉野市
岡山県,岡山県,岡山沿岸,後閑港,―,―
岡山県,岡山県,岡山沿岸,大賀港,―,―
岡山県,岡山県,岡山沿岸,野々浜港,―,―
岡山県,岡山県,岡山沿岸,渋川港,―,―
岡山県,岡山県,岡山沿岸,大浜港,―,倉敷市
岡山県,岡山県,岡山沿岸,丸岩港,―,笠岡市
広島県,広島県,広島沿岸,広島港,広島港海岸,廿日市市
広島県,広島県,広島沿岸,広島港,広島港海岸,広島市
広島県,広島県,広島沿岸,広島港,広島港海岸,府中町
広島県,広島県,広島沿岸,広島港,広島港海岸,坂町
広島県,広島県,広島沿岸,尾道糸崎港,尾道糸崎港海岸,尾道市
広島県,広島県,広島沿岸,尾道糸崎港,尾道糸崎港海岸,海田町・坂町
広島県,広島県,広島沿岸,尾道糸崎港,尾道糸崎港海岸,三原市
広島県,広島県,広島沿岸,尾道糸崎港,尾道糸崎港海岸,福山市
広島県,広島県,広島沿岸,福山港,福山港海岸,福山市
広島県,広島県,広島沿岸,大竹港,大竹港海岸,大竹市
広島県,広島県,広島沿岸,厳島港,厳島港海岸,廿日市市
広島県,広島県,広島沿岸,三高港,三高港海岸,江田島市
広島県,広島県,広島沿岸,中田港,中田港海岸,江田島市
広島県,広島県,広島沿岸,鹿川港,鹿川港海岸,江田島市
広島県,広島県,広島沿岸,小用港,小用港海岸,江田島市
広島県,広島県,広島沿岸,釣士田港,釣士田港海岸,呉市
広島県,広島県,広島沿岸,蒲刈港,蒲刈港海岸,呉市
広島県,広島県,広島沿岸,川尻港,川尻港海岸,呉市




都道府県名,海岸管理者名,沿岸名,港名,海岸名,所在地（市町村名）
広島県,広島県,広島沿岸,御手洗港,御手洗港海岸,呉市
広島県,広島県,広島沿岸,竹原港,竹原港海岸,竹原市
広島県,広島県,広島沿岸,忠海港,忠海港海岸,竹原市
広島県,広島県,広島沿岸,木江港,木江港海岸,豊田郡大崎上島町
広島県,広島県,広島沿岸,大西港,大西港海岸,豊田郡大崎上島町
広島県,広島県,広島沿岸,鞍崎港,鞍崎港海岸,豊田郡大崎上島町
広島県,広島県,広島沿岸,佐木港,佐木港海岸,三原市
広島県,広島県,広島沿岸,重井港,重井港海岸,三原市
広島県,広島県,広島沿岸,中浜港,中浜港海岸,尾道市
広島県,広島県,広島沿岸,土生港,土生港海岸,尾道市
広島県,広島県,広島沿岸,生口港,生口港海岸,尾道市
広島県,広島県,広島沿岸,瀬戸田港,瀬戸田港海岸,尾道市
広島県,広島県,広島沿岸,横田港,横田港海岸,福山市
広島県,広島県,広島沿岸,千年港,千年港海岸,福山市
呉市,呉市,呉沿岸,呉港,呉港海岸,呉市
江田島市,江田島市,江田島沿岸,波多見港,波多見港海岸,江田島市
江田島市,江田島市,江田島沿岸,深江ノ浦港,深江ノ浦港海岸,江田島市
江田島市,江田島市,江田島沿岸,内海港,内海港海岸,江田島市
江田島市,江田島市,江田島沿岸,大柿港,大柿港海岸,江田島市
尾道市,尾道市,尾道沿岸,福田港,福田港海岸,尾道市
福山市,福山市,福山沿岸,阿伏兎港,阿伏兎港海岸,福山市
東広島市,東広島市,安芸津沿岸,安芸津港,安芸津港海岸,東広島市
—,—,—,須波港,—,三原市
—,—,—,吉浦港,—,呉市
—,—,—,奥の内港,—,呉市
—,—,—,大須港,—,江田島市
—,—,—,津久見港,—,尾道市
—,—,—,鹿田港,—,尾道市
—,—,—,槇浦港,—,尾道市
山口県,山口県,山口南沿岸,徳山下松港,徳山下松港海岸,周南市
山口県,山口県,山口南沿岸,徳山下松港,徳山下松港海岸,下松市
山口県,山口県,山口南沿岸,岩国港,岩国港海岸,岩国市
山口県,山口県,山口南沿岸,三田尻中関港,三田尻中関港海岸,防府市
山口県,山口県,山口南沿岸,宇部港,宇部港海岸,宇部市
山口県,山口県,山口南沿岸,小野田港,小野田港海岸,山陽小野田市
山口県,山口県,山口南沿岸,由宇港,由宇港海岸,岩国市
山口県,山口県,山口南沿岸,柳井港,柳井港海岸,柳井市
山口県,山口県,山口南沿岸,大畠港,大畠港海岸,柳井市
山口県,山口県,山口南沿岸,室津港,室津港海岸,上関町
山口県,山口県,山口南沿岸,平生港,平生港海岸,田布施町
山口県,山口県,山口南沿岸,小松港,小松港海岸,周防大島町
山口県,山口県,山口南沿岸,沖浦港,沖浦港海岸,周防大島町
山口県,山口県,山口南沿岸,安下庄港,安下庄港海岸,周防大島町
山口県,山口県,山口南沿岸,伊保田港,伊保田港海岸,周防大島町
山口県,山口県,山口南沿岸,白木港,白木港海岸,周防大島町
山口県,山口県,山口南沿岸,久賀港,久賀港海岸,周防大島町
山口県,山口県,山口南沿岸,山口港,山口港海岸,周防大島町
山口県,山口県,山口南沿岸,丸尾港,丸尾港海岸,宇部市
山口県,山口県,山口北沿岸,厚狭港,厚狭港海岸,山陽小野田市
山口県,山口県,山口北沿岸,特牛港,特牛港海岸,下関市
山口県,山口県,山口北沿岸,角島港,角島港海岸,下関市
山口県,山口県,山口北沿岸,油谷港,油谷港海岸,長門市
山口県,山口県,山口北沿岸,萩港,萩港海岸,萩市
下関市,下関市,山口南沿岸,下関港,下関港海岸,下関市


都道府県名,海岸管理者名,沿岸名,港名,海岸名,所在地（市町村名）
山口県,岩国市,山口南沿岸,柱島港,柱島港海岸,岩国市
山口県,山口市,山口東沿岸,山口東港,山口東港海岸,山口市
山口県,山口市,山口東沿岸,青江港,青江港海岸,山口市
山口県,山口市,山口東沿岸,秋穂港,秋穂港海岸,山口市
山口県,山口県,山口北沿岸,仙崎港,仙崎港海岸,長門市
山口県,山口県,山口北沿岸,深川港,深川港海岸,長門市
山口県,山口県,山口南沿岸,飯井港,飯井港海岸,萩市
山口県,山口県,山口南沿岸,須佐港,須佐港海岸,萩市
山口県,山口県,山口南沿岸,沖浦西港,沖浦港海岸,周防大島町
山口県,山口県,山口南沿岸,油良港,油良港海岸,周防大島町
山口県,山口県,山口南沿岸,笠佐港,笠佐港海岸,周防大島町
山口県,山口県,山口南沿岸,巨良尾港,巨良尾港海岸,周防大島町
山口県,山口県,山口南沿岸,埴生港,埴生港海岸,山陽小野田市
山口県,山口県,山口南沿岸,小串港,小串港海岸,下関市
—,—,山口北沿岸,樋野港,—,萩市
—,—,山口北沿岸,鹿島港,—,萩市
—,—,山口北沿岸,羽島港,—,萩市
—,—,山口北沿岸,稲荷港,—,萩市
—,—,山口北沿岸,田万川港,—,萩市
—,—,山口北沿岸,肥島港,—,萩市
徳島県,徳島県,紀伊水道西沿岸,徳島小松島港,徳島小松島港海岸,徳島市
徳島県,徳島県,紀伊水道西沿岸,徳島小松島港,徳島小松島港海岸,小松島市
徳島県,徳島県,紀伊水道西沿岸,橘港,橘港海岸,阿南市
徳島県,徳島県,紀伊水道西沿岸,中島港,中島港海岸,阿南市
徳島県,徳島県,紀伊水道西沿岸,富岡港,富岡港海岸,阿南市
徳島県,徳島県,紀伊水道西沿岸,撫養港,撫養港海岸,鳴門市
徳島県,徳島県,紀伊水道西沿岸,粟津港,粟津港海岸,松茂町
徳島県,徳島県,紀伊水道西沿岸,今切港,今切港海岸,徳島市
徳島県,徳島県,讃岐阿波沿岸,折野港,折野港海岸,鳴門市
徳島県,徳島県,海部灘沿岸,日和佐港,日和佐港海岸,美波町
徳島県,徳島県,海部灘沿岸,浅川港,浅川港海岸,海陽町
徳島県,徳島県,讃岐阿波沿岸,那佐港,那佐港海岸,海陽町
—,—,讃岐阿波沿岸,亀浦港,—,鳴門市
香川県,香川県,讃岐阿波沿岸,高松港,高松港海岸,高松市
香川県,香川県,讃岐阿波沿岸,牟礼港,牟礼港海岸,高松市
香川県,香川県,讃岐阿波沿岸,白鳥港,白鳥港海岸,東かがわ市
香川県,香川県,讃岐阿波沿岸,三本松港,三本松港海岸,東かがわ市
香川県,香川県,讃岐阿波沿岸,引田港,引田港海岸,さぬき市
香川県,香川県,讃岐阿波沿岸,津田港,津田港海岸,さぬき市
香川県,香川県,讃岐阿波沿岸,志度港,志度港海岸,さぬき市
香川県,香川県,讃岐阿波沿岸,直島港,直島港海岸,直島町
香川県,香川県,讃岐阿波沿岸,宮浦港,宮浦港海岸,土庄町
香川県,香川県,讃岐阿波沿岸,大部港,大部港海岸,土庄町
香川県,香川県,讃岐阿波沿岸,土庄港,土庄港海岸,土庄町
香川県,香川県,讃岐阿波沿岸,家浦港,家浦港海岸,—


都道府県名,海岸管理者名,沿岸名,港名,海岸名,所在地（市町村名）
香川県,香川県,讃岐阿波沿岸,土庄東港,土庄東港海岸,土庄町
香川県,香川県,讃岐阿波沿岸,池田港,池田港海岸,小豆島町
香川県,香川県,讃岐阿波沿岸,内海港,内海港海岸,小豆島町
香川県,香川県,讃岐阿波沿岸,坂手港,坂手港海岸,小豆島町
香川県,香川県,讃岐阿波沿岸,宇多津港,宇多津港海岸,宇多津町
香川県,香川県,讃岐阿波沿岸,丸亀港,丸亀港海岸,丸亀市
香川県,香川県,讃岐阿波沿岸,詫間港,詫間港海岸,三豊市
香川県,香川県,燧灘沿岸,観音寺港,観音寺港海岸,観音寺市
香川県,さぬき市,讃岐阿波沿岸,志度港,志度港海岸,さぬき市
香川県,高松市,讃岐阿波沿岸,安戸港,安戸港海岸,東かがわ市
香川県,高松市,讃岐阿波沿岸,羽間港,羽間港海岸,さぬき市
香川県,高松市,讃岐阿波沿岸,大島港,大島港海岸,高松市
香川県,高松市,讃岐阿波沿岸,立石港,立石港海岸,高松市
香川県,高松市,讃岐阿波沿岸,女木港,女木港海岸,高松市
香川県,高松市,讃岐阿波沿岸,男木港,男木港海岸,高松市
香川県,高松市,讃岐阿波沿岸,鹿治港,鹿治港海岸,高松市
香川県,高松市,讃岐阿波沿岸,鵜飼港,鵜飼港海岸,高松市
香川県,高松市,讃岐阿波沿岸,久通港,久通港海岸,高松市
香川県,土庄町,讃岐阿波沿岸,北浦港,北浦港海岸,土庄町
香川県,小豆島町,讃岐阿波沿岸,馬越港,馬越港海岸,小豆島町
香川県,小豆島町,讃岐阿波沿岸,江島港,江島港海岸,小豆島町
香川県,小豆島町,讃岐阿波沿岸,小部港,小部港海岸,小豆島町
香川県,小豆島町,讃岐阿波沿岸,室生北港,室生北港海岸,小豆島町
香川県,小豆島町,讃岐阿波沿岸,吉野崎港,吉野崎港海岸,小豆島町
香川県,小豆島町,讃岐阿波沿岸,三都港,三都港海岸,小豆島町
香川県,坂出市,讃岐阿波沿岸,与島港,与島港海岸,坂出市
香川県,坂出市,讃岐阿波沿岸,坂出港,坂出港海岸,坂出市
香川県,丸亀市,讃岐阿波沿岸,大浦港,大浦港海岸,丸亀市
香川県,丸亀市,讃岐阿波沿岸,本島港,本島港海岸,丸亀市
香川県,多度津町,讃岐阿波沿岸,生ノ浜港,生ノ浜港海岸,多度津町
香川県,多度津町,讃岐阿波沿岸,里浦港,里浦港海岸,多度津町
香川県,多度津町,讃岐阿波沿岸,小浦港,小浦港海岸,多度津町
香川県,多度津町,讃岐阿波沿岸,手島港,手島港海岸,多度津町
香川県,多度津町,讃岐阿波沿岸,江の浦港,江の浦港海岸,多度津町
香川県,多度津町,讃岐阿波沿岸,見立港,見立港海岸,多度津町
香川県,三豊市,讃岐阿波沿岸,高見港,高見港海岸,三豊市
香川県,三豊市,讃岐阿波沿岸,箱浦港,箱浦港海岸,三豊市
香川県,三豊市,讃岐阿波沿岸,志々島港,志々島港海岸,三豊市
香川県,三豊市,讃岐阿波沿岸,粟島港,粟島港海岸,三豊市
香川県,観音寺市,燧灘沿岸,室本港,室本港海岸,観音寺市
—,—,讃岐阿波沿岸,詫間港,—,三豊市
—,—,讃岐阿波沿岸,粟島港,—,三豊市
—,—,讃岐阿波沿岸,蔦島港,—,詫間町
—,—,讃岐阿波沿岸,豊浜港,—,観音寺市
—,—,讃岐阿波沿岸,畑港,—,丸亀市
—,—,讃岐阿波沿岸,息戸港,—,坂出市
—,—,讃岐阿波沿岸,新任美港,—,坂出市
—,—,讃岐阿波沿岸,青木港,—,高松市
—,—,讃岐阿波沿岸,見浜港,—,高松市
—,—,讃岐阿波沿岸,末沢港,—,高松市
—,—,讃岐阿波沿岸,長崎鼻港,—,高松市
愛媛県,愛媛県,豊後水道東沿岸,宇和島港,宇和島港海岸,宇和島市
愛媛県,愛媛県,豊後水道東沿岸,玉津港,玉津港海岸,宇和島市
愛媛県,愛媛県,豊後水道東沿岸,岩松港,岩松港海岸,伊方町
愛媛県,愛媛県,豊後水道東沿岸,三崎港,三崎港海岸,伊方町
愛媛県,愛媛県,豊後水道東沿岸,川之石港,川之石港海岸,八幡浜市
愛媛県,愛媛県,伊予灘沿岸,御荘港,御荘港海岸,愛南町
愛媛県,愛媛県,伊予灘沿岸,松山港,松山港海岸,松山市
愛媛県,愛媛県,伊予灘沿岸,北条港,北条港海岸,松山市
愛媛県,愛媛県,伊予灘沿岸,松前港,松前港海岸,松前町
愛媛県,愛媛県,伊予灘沿岸,中島港,中島港海岸,松山市
愛媛県,愛媛県,伊予灘沿岸,菊間港,菊間港海岸,今治市
愛媛県,愛媛県,伊予灘沿岸,伊予港,伊予港海岸,伊予市
愛媛県,愛媛県,伊予灘沿岸,長浜港,長浜港海岸,大洲市
愛媛県,愛媛県,燧灘沿岸,東予港,東予港海岸,西条市
愛媛県,愛媛県,燧灘沿岸,三島川之江港,三島川之江港海岸,四国中央市
愛媛県,愛媛県,燧灘沿岸,寒川港,寒川港海岸,四国中央市
愛媛県,愛媛県,燧灘沿岸,弓削港,弓削港海岸,上島町
愛媛県,愛媛県,燧灘沿岸,波止浜港,波止浜港海岸,今治市
愛媛県,愛媛県,燧灘沿岸,波方港,波方港海岸,今治市
愛媛県,愛媛県,燧灘沿岸,宮浦港,宮浦港海岸,今治市
愛媛県,愛媛県,燧灘沿岸,吉海港,吉海港海岸,今治市
愛媛県,愛媛県,燧灘沿岸,伯方港,伯方港海岸,今治市
愛媛県,今治市,燧灘沿岸,今治港,今治港海岸,今治市
愛媛県,今治市,燧灘沿岸,来島港,来島港海岸,今治市
愛媛県,今治市,燧灘沿岸,大見港,大見港海岸,今治市
愛媛県,今治市,燧灘沿岸,白ノ浦港,白ノ浦港海岸,今治市
愛媛県,今治市,燧灘沿岸,北浦港,北浦港海岸,今治市
愛媛県,今治市,燧灘沿岸,前浜港,前浜港海岸,今治市
愛媛県,今治市,燧灘沿岸,古江港,古江港海岸,今治市
愛媛県,今治市,燧灘沿岸,熊口港,熊口港海岸,今治市
愛媛県,今治市,燧灘沿岸,枝越港,枝越港海岸,今治市
愛媛県,今治市,燧灘沿岸,有津港,有津港海岸,今治市
愛媛県,今治市,燧灘沿岸,上浦港,上浦港海岸,今治市
愛媛県,今治市,燧灘沿岸,岡村港,岡村港海岸,今治市
愛媛県,今治市,燧灘沿岸,大下港,大下港海岸,今治市
愛媛県,今治市,燧灘沿岸,早川港,早川港海岸,今治市
愛媛県,新居浜港務局,燧灘沿岸,新居浜港,新居浜港海岸,新居浜市
愛媛県,上島町,燧灘沿岸,小漕港,小漕港海岸,上島町
愛媛県,上島町,燧灘沿岸,西部港,西部港海岸,上島町
愛媛県,上島町,燧灘沿岸,長江港,長江港海岸,上島町
愛媛県,上島町,燧灘沿岸,生名港,生名港海岸,上島町
愛媛県,上島町,燧灘沿岸,立石港,立石港海岸,上島町
愛媛県,西予市,豊後水道東沿岸,三瓶港,三瓶港海岸,西予市
愛媛県,宇和島市,豊後水道東沿岸,吉田港,吉田港海岸,宇和島市
愛媛県,八幡浜市,豊後水道東沿岸,八幡浜港,八幡浜港海岸,八幡浜市



都道府県,海岸管理者名,沿岸名,港名,海岸名,所在地(市町村名)
愛媛県,伊方町,豊後水道東沿岸,伊方港,伊方港海岸,伊方町
愛媛県,松山市,伊予灘沿岸,三机港,三机港海岸,松山市
愛媛県,松山市,,堀江港,堀江港海岸,松山市
愛媛県,松山市,,西中港,西中港海岸,松山市
愛媛県,愛媛県,燧灘沿岸,桜井卸団地港,桜井卸団地港海岸,今治市
愛媛県,愛媛県,,四坂港,,今治市
高知県,高知県,海部灘沿岸,甲浦港,甲浦港海岸,東洋町
高知県,高知県,,佐喜浜港,佐喜浜港海岸,室戸市
高知県,高知県,土佐湾沿岸,高知港,高知港海岸,高知市
高知県,,須崎湾沿岸,須崎港,須崎港海岸,須崎市
高知県,,室津湾沿岸,室津港,室津港海岸,室戸市
高知県,,奈半利港湾沿岸,奈半利港,奈半利港海岸,奈半利町
高知県,,手結港湾沿岸,手結港,手結港海岸,香南市
高知県,,久礼港湾沿岸,久礼港,久礼港海岸,中土佐町
高知県,,上ノ加江港湾沿岸,上ノ加江港,上ノ加江港海岸,黒潮町
高知県,,佐賀港湾沿岸,佐賀港,佐賀港海岸,黒潮町
高知県,,上川口港湾沿岸,上川口港,上川口港海岸,四万十市
高知県,,下田港湾沿岸,下田港,下田港海岸,四万十市
高知県,,下ノ加江港湾沿岸,下ノ加江港,下ノ加江港海岸,土佐清水市
高知県,,以布利港湾沿岸,以布利港,以布利港海岸,宿毛市
高知県,,宿毛湾沿岸,宿毛湾港,宿毛湾港海岸,宿毛市
高知県,,清水湾沿岸,清水港,清水港海岸,土佐清水市
高知県,,三崎湾沿岸,三崎港,三崎港海岸,土佐清水市
高知県,,下川口湾沿岸,下川口港,下川口港海岸,土佐清水市
高知県,,豊後水道東沿岸,あしずり港,,土佐清水市
福岡県,福岡市,玄界灘沿岸,博多港,博多港海岸,福岡市
福岡県,北九州市,豊前豊後沿岸,北九州港,北九州港海岸,北九州市
福岡県,,苅田港湾沿岸,苅田港,苅田港海岸,苅田町
福岡県,,宇島港湾沿岸,宇島港,宇島港海岸,豊前市
福岡県,,大島港湾沿岸,大島港,大島港海岸,宗像市
福岡県,,芦屋港湾沿岸,芦屋港,芦屋港海岸,芦屋町
福岡県,,大牟田港湾沿岸,大牟田港,大牟田港海岸,大牟田市
福岡県,,三池港湾沿岸,三池港,,大川市
福岡県,,若津港湾沿岸,若津港,,大川市


